Topic,Description,Image,Status,Post Text,Post Date,LinkedIn Asset
"Authentication Deep Dive: JWT, Sessions, OAuth 2.0 & API Keys",Evaluating core authentication patterns for modern backend APIs,https://miro.medium.com/v2/1*DZ7k_c4ByIkKZh4g1HKa6Q.png,Pending,,,
Mastering the LLMOps Ecosystem,A comprehensive guide to the infrastructure needed for production LLM applications,https://cdn.media.amplience.net/i/epammarketplace/core-processes-of-aiops-vs-mlops-vs-llmops?maxW=1200&qlt=80&fmt=jpg&bg=rgb%28255%2C255%2C255%29&v=303495220347,Pending,,,
Deconstructing the 7-Layer LLM Architecture,Tracing the AI system journey from raw data ingestion to user-facing applications,https://miro.medium.com/v2/1*CORuJbR7Gio-wD5njhjg6A.jpeg,Pending,,,
The Ultimate System Design Roadmap,Essential architectural concepts and patterns for modern backend engineering,https://miro.medium.com/v2/resize:fit:1200/1*OwbH-fXMekxJ_84EWRc_kw.jpeg,Pending,,,
Framework for LLM Selection,"Balancing quality, cost, privacy, and latency when choosing an AI model",https://2123903.fs1.hubspotusercontent-na1.net/hubfs/2123903/GM3877%20Blog%20Charts%20v3-01%20(1).png,Pending,,,
Foundations of Agentic AI: The 10 Pillars,Core principles and components required to construct autonomous and reliable AI agents,https://miro.medium.com/v2/1*Oal1jABnjn0tSEUy6a06fg.png,Pending,,,
Advanced Database Indexing Strategies,"A deep dive into B-tree, Hash, GIN, GiST, and Bitmap indexes for optimal query performance",https://miro.medium.com/v2/resize:fit:1200/1*ed832na_aVNv_Jzmt6XI2w.png,Pending,,,
Event-Driven Architecture vs Microservices,"Explain when to use event-driven vs synchronous microservices, with trade-offs",https://miro.medium.com/v2/resize:fit:1400/1*_qyhqZfsVkIZSWOWzUqJCg.png,Pending,,,
How Kafka Achieves High Throughput,"Breakdown of Kafka's architecture: partitions, zero-copy, and sequential I/O",https://finematics.com/wp-content/uploads/2019/09/kafka-architecture-1024x586.png,Pending,,,
Designing a Rate Limiter,"Deep dive into Token Bucket, Leaky Bucket, and Sliding Window algorithms",https://miro.medium.com/v2/1*R41PnAVQNZPL5PliX77Xyg.png,Pending,,,
GraphQL vs REST vs gRPC,Comparison of API paradigms and decision matrix for modern backend systems,,Pending,,,
CAP Theorem in Practice,Real-world examples of CP vs AP databases and how to handle network partitions,,Pending,,,
How Redis Powers Caching,"Explain Redis data structures, eviction policies, and caching strategies",,Pending,,,
Designing a Distributed Lock,How to implement distributed locks using Redis (Redlock) and ZooKeeper,,Pending,,,
Database Sharding Strategies,"Guide to horizontal partitioning, consistent hashing, and handling hot spots",,Pending,,,
Vector Databases for RAG,How Pinecone and Milvus work under the hood for LLM Retrieval-Augmented Generation,,Pending,,,
Zero Trust Security Architecture,"Principles of Zero Trust, identity verification, and micro-segmentation",,Pending,,,
Designing a URL Shortener,"System design breakdown: base62 encoding, database schema, and caching",,Pending,,,
Idempotency in Payment Systems,How to ensure exactly-once processing in distributed payment architectures,,Pending,,,
Understanding Consensus Algorithms,Visualizing how Paxos and Raft achieve distributed consensus,,Pending,,,
Serverless vs Containers,"Cost, performance, and scaling comparison between AWS Lambda and Kubernetes",,Pending,,,
Data Lake vs Data Warehouse vs Lakehouse,Evolution of data architecture from Redshift to Databricks and Snowflake,,Pending,,,
Designing a Distributed Message Queue,Architectural breakdown of building scalable message brokers like RabbitMQ or Kafka,,Pending,,,
Mastering Database Replication,"Synchronous vs asynchronous replication, leader election, and conflict resolution",,Pending,,,
Load Balancing Algorithms Explained,"Round robin, least connections, and consistent hashing in load balancers",,Pending,,,
Building a Global CDN,How Content Delivery Networks route traffic and cache assets at the edge,,Pending,,,
Service Mesh vs API Gateway,Navigating the complexities of microservices communication and traffic management,,Pending,,,
Designing a Real-time Chat Application,"WebSockets, presence servers, and message delivery guarantees in chat systems",,Pending,,,
Architecting a Search Engine,"Crawling, indexing, and ranking algorithms for large-scale text search",,Pending,,,
The Anatomy of a Key-Value Store,Building highly available and scalable key-value databases like DynamoDB,,Pending,,,
Understanding Distributed Tracing,"Observability in microservices using OpenTelemetry, Jaeger, and Zipkin",,Pending,,,
Designing a Video Streaming Service,"Transcoding, adaptive bitrate streaming, and CDN delivery for video content",,Pending,,,
Mastering Two-Phase Commit (2PC),Ensuring distributed transaction consistency and its modern alternatives like Saga,,Pending,,,
Architecting a Ride-Sharing Platform,"Geospatial indexing, matching algorithms, and real-time location tracking",,Pending,,,
Designing an E-commerce Checkout System,"Handling inventory reservation, payment processing, and order fulfillment",,Pending,,,
Building a Scalable Notification System,"Managing email, SMS, and push notifications with high deliverability and low latency",,Pending,,,
Understanding Garbage Collection in High-Performance Systems,"How memory management impacts latency in Java, Go, and Rust applications",,Pending,,,
Designing a Leaderboard System,Using Redis Sorted Sets and relational databases for real-time ranking,,Pending,,,
Architecting a Social Media Feed,Fan-out on write vs fan-out on read strategies for news feed generation,,Pending,,,
Mastering API Rate Limiting at Scale,Implementing distributed rate limiters using Redis and custom middleware,,Pending,,,
Designing a Collaborative Document Editor,Operational Transformation (OT) and CRDTs for real-time collaborative editing,,Pending,,,
Building a Fraud Detection System,"Stream processing, rule engines, and machine learning models for real-time fraud analysis",,Pending,,,
Understanding Bloom Filters and Count-Min Sketch,Probabilistic data structures for memory-efficient querying and counting,,Pending,,,
Designing a Web Crawler,"URL frontier, politeness policies, and distributed crawling architectures",,Pending,,,
Architecting a Ticket Booking System,"Handling high concurrency, seat reservations, and preventing double bookings",,Pending,,,
Mastering CI/CD Pipelines,Designing scalable and secure continuous integration and deployment workflows,,Pending,,,
Building a Distributed File System,"Architecture of HDFS, GFS, and modern cloud object storage like S3",,Pending,,,
Designing a Recommendation Engine,"Collaborative filtering, content-based filtering, and matrix factorization",,Pending,,,
Understanding eBPF for System Observability,Leveraging extended Berkeley Packet Filter for kernel-level monitoring and security,,Pending,,,
Architecting a Cloud-Native CIAM,Customer Identity and Access Management for multi-tenant SaaS applications,,Pending,,,